Date,Open,High,Low,Close,Adj Close,Volume,Daily Return,StockName
02/11/2021,386.4533386,402.8633423,382,390.6666565,390.6666565,128213400,-3.027499529,Tesla
03/11/2021,392.4433289,405.1300049,384.206665,404.6199951,404.6199951,103885500,3.571673802,Tesla
04/11/2021,411.4700012,414.4966736,405.6666565,409.9700012,409.9700012,76192200,1.322229788,Tesla
05/11/2021,409.3333435,413.2900085,402.6666565,407.3633423,407.3633423,64886400,-0.635816993,Tesla
08/11/2021,383.2633362,399,377.6666565,387.6466675,387.6466675,100337100,-4.840070953,Tesla
09/11/2021,391.2000122,391.5,337.1733398,341.1666565,341.1666565,177317400,-11.99030325,Tesla
10/11/2021,336.8033447,359.3666687,329.1033325,355.9833374,355.9833374,128408100,4.342945193,Tesla
11/11/2021,367.5899963,368.3233337,351.5599976,354.5033264,354.5033264,67189800,-0.415752882,Tesla
12/11/2021,349.1666565,351.5,339.7333374,344.4733276,344.4733276,76719300,-2.829310202,Tesla
15/11/2021,339.2099915,343.9933472,326.2000122,337.7966614,337.7966614,104326800,-1.93822445,Tesla
16/11/2021,334.436676,352.3999939,334.0599976,351.5766602,351.5766602,79627200,4.079376843,Tesla
17/11/2021,354.5033264,373.2133179,351.8333435,363.0033264,363.0033264,94336200,3.250120828,Tesla
18/11/2021,368.8500061,370.6666565,358.3399963,365.4599915,365.4599915,62696700,0.676761027,Tesla
19/11/2021,366.2900085,379.5733337,364.2333374,379.019989,379.019989,64926900,3.710391801,Tesla
22/11/2021,387.4433289,400.6499939,377.4766541,385.6233215,385.6233215,99217500,1.742212208,Tesla
23/11/2021,389.1700134,393.5,354.2333374,369.6766663,369.6766663,108515100,-4.135293273,Tesla
24/11/2021,360.1300049,377.5899963,354,372,372,67680600,0.628477248,Tesla
26/11/2021,366.4899902,369.5933228,360.3333435,360.6400146,360.6400146,35042700,-3.053759503,Tesla
29/11/2021,366.9966736,380.8900146,366.730011,378.9966736,378.9966736,58393500,5.09002279,Tesla
30/11/2021,381.456665,389.3333435,372.6666565,381.5866699,381.5866699,81276000,0.68338234,Tesla
01/12/2021,386.8999939,390.9466553,363.5866699,365,365,68450400,-4.346763456,Tesla
02/12/2021,366.3533325,371,352.2166748,361.5333252,361.5333252,73114800,-0.949773919,Tesla
03/12/2021,361.5966797,363.5266724,333.4033203,338.3233337,338.3233337,92322000,-6.419876077,Tesla
06/12/2021,333.8366699,340.5466614,316.8333435,336.3366699,336.3366699,81663000,-0.587208632,Tesla
07/12/2021,348.0666809,352.5566711,342.269989,350.5833435,350.5833435,56084700,4.235837141,Tesla
08/12/2021,350.9033203,357.4599915,344.3333435,356.3200073,356.3200073,41906400,1.636319558,Tesla
09/12/2021,353.5466614,354.1633301,334.1199951,334.6000061,334.6000061,59438400,-6.095644582,Tesla
10/12/2021,336.25,340.3266602,327.5100098,339.0100098,339.0100098,59664300,1.317992702,Tesla
13/12/2021,333.6966553,335,317.1400146,322.1366577,322.1366577,78595500,-4.977243021,Tesla
14/12/2021,315,322.1366577,310,319.5033264,319.5033264,70806300,-0.81745782,Tesla
15/12/2021,317.7366638,326.25,309.4166565,325.3299866,325.3299866,75169200,1.823661813,Tesla
16/12/2021,331.5,331.6600037,307.2833252,308.9733276,308.9733276,82771500,-5.027713279,Tesla
17/12/2021,304.9233398,320.2200012,303.0133362,310.8566589,310.8566589,100437300,0.609544945,Tesla
20/12/2021,303.5666809,307.230011,297.7966614,299.980011,299.980011,56480100,-3.498927122,Tesla
21/12/2021,305.6233215,313.1666565,295.3733215,312.8433228,312.8433228,71517900,4.288056303,Tesla
22/12/2021,321.8866577,338.5533447,319.0166626,336.2900085,336.2900085,93634200,7.494705524,Tesla
23/12/2021,335.6000061,357.6600037,332.519989,355.6666565,355.6666565,92713200,5.761886306,Tesla
27/12/2021,357.8900146,372.3333435,356.9066772,364.6466675,364.6466675,71145900,2.52483915,Tesla
28/12/2021,369.8299866,373,359.4733276,362.8233337,362.8233337,60324000,-0.500027534,Tesla
29/12/2021,366.2133179,368,354.7133179,362.063324,362.063324,56154000,-0.209471028,Tesla
30/12/2021,353.7766724,365.1833191,351.0499878,356.7799988,356.7799988,47040900,-1.459226838,Tesla
31/12/2021,357.813324,360.6666565,351.5299988,352.2600098,352.2600098,40733700,-1.266884082,Tesla
03/01/2022,382.5833435,400.3566589,378.6799927,399.9266663,399.9266663,103931400,13.53166842,Tesla
04/01/2022,396.5166626,402.6666565,374.3500061,383.1966553,383.1966553,100248300,-4.183269684,Tesla
05/01/2022,382.2166748,390.1133423,360.3366699,362.706665,362.706665,80119800,-5.347121368,Tesla
06/01/2022,359,362.6666565,340.1666565,354.8999939,354.8999939,90336600,-2.152337383,Tesla
07/01/2022,360.1233215,360.3099976,336.6666565,342.3200073,342.3200073,84164700,-3.544656745,Tesla
10/01/2022,333.3333435,353.0333252,326.6666565,352.706665,352.706665,91815000,3.034195341,Tesla
11/01/2022,351.2233276,358.6166687,346.2733459,354.7999878,354.7999878,66063300,0.593502466,Tesla
12/01/2022,359.6166687,371.6133423,357.5299988,368.7399902,368.7399902,83739000,3.928974893,Tesla
13/01/2022,369.6900024,371.8666687,342.1799927,343.8533325,343.8533325,97209900,-6.749107331,Tesla
14/01/2022,339.9599915,350.6666565,337.793335,349.8699951,349.8699951,72924300,1.749775858,Tesla
18/01/2022,342.2033386,356.9299927,338.686676,343.5033264,343.5033264,66743400,-1.819724123,Tesla
19/01/2022,347.2366638,351.5566711,331.6666565,331.8833313,331.8833313,75442500,-3.382789692,Tesla
20/01/2022,336.5766602,347.2200012,331.3333435,332.0899963,332.0899963,70488600,0.062270388,Tesla
21/01/2022,332.1133423,334.8500061,313.5,314.6333313,314.6333313,103416000,-5.256606713,Tesla
24/01/2022,301.5866699,311.1700134,283.8233337,310,310,151565700,-1.472612987,Tesla
25/01/2022,304.7333374,317.0866699,301.0700073,306.1333313,306.1333313,86595900,-1.247312484,Tesla
26/01/2022,317.4766541,329.230011,302,312.4700012,312.4700012,104867400,2.069905258,Tesla
27/01/2022,311.1199951,311.7966614,276.3333435,276.3666687,276.3666687,147109500,-11.55417556,Tesla
28/01/2022,277.186676,285.8333435,264.0033264,282.1166687,282.1166687,134789100,2.080569277,Tesla
31/01/2022,290.9033203,312.6633301,287.3500061,312.2399902,312.2399902,104436000,10.67761138,Tesla
01/02/2022,311.7366638,314.5666809,301.6666565,310.4166565,310.4166565,73138200,-0.583952664,Tesla
02/02/2022,309.3933411,310.5,296.4700012,301.8866577,301.8866577,66792900,-2.74791916,Tesla
03/02/2022,294,312.3333435,293.5066528,297.0466614,297.0466614,78855600,-1.603249502,Tesla
04/02/2022,299.0733337,312.1666565,293.7233276,307.7733459,307.7733459,73625400,3.611110968,Tesla
07/02/2022,307.9299927,315.9233398,300.9033203,302.4466553,302.4466553,60994500,-1.730718642,Tesla
08/02/2022,301.8433228,308.7633362,298.2666626,307.3333435,307.3333435,50729100,1.615719052,Tesla
09/02/2022,311.6666565,315.4233398,306.6666565,310.6666565,310.6666565,52259400,1.084592043,Tesla
10/02/2022,302.7900085,314.6033325,298.8999939,301.5166626,301.5166626,66126900,-2.945277102,Tesla
11/02/2022,303.2099915,305.3200073,283.5666809,286.6666565,286.6666565,79645800,-4.92510297,Tesla
14/02/2022,287.1900024,299.6266785,284.3833313,291.9200134,291.9200134,67756500,1.832566437,Tesla
15/02/2022,300,307.6666565,297.793335,307.4766541,307.4766541,57286200,5.329076428,Tesla
16/02/2022,304.6833191,308.8099976,300.4033203,307.7966614,307.7966614,51294300,0.104075324,Tesla
17/02/2022,304.4200134,306.1666565,291.3666687,292.1166687,292.1166687,55178400,-5.094269901,Tesla
18/02/2022,295.3333435,295.6233215,279.2033386,285.6600037,285.6600037,68501700,-2.21030353,Tesla
22/02/2022,278.043335,285.5766602,267.0333252,273.8433228,273.8433228,83288100,-4.136624223,Tesla
23/02/2022,276.8099976,278.4333191,253.5200043,254.6799927,254.6799927,95256900,-6.9979176,Tesla
24/02/2022,233.4633331,267.4933472,233.3333282,266.9233398,266.9233398,135322200,4.8073455,Tesla
25/02/2022,269.7433472,273.1666565,260.7999878,269.956665,269.956665,76067700,1.136403132,Tesla
28/02/2022,271.6700134,292.2866821,271.5700073,290.1433411,290.1433411,99006900,7.477746853,Tesla
01/03/2022,289.8933411,296.6266785,284.5933228,288.1233215,288.1233215,74766900,-0.696214335,Tesla
02/03/2022,290.7099915,295.4933472,281.4233398,293.2966614,293.2966614,74643300,1.795529711,Tesla
03/03/2022,292.9233398,295.480011,277.5333252,279.7633362,279.7633362,61623600,-4.614210449,Tesla
04/03/2022,283.0333252,285.2166748,275.0533447,279.4299927,279.4299927,66999600,-0.119151963,Tesla
07/03/2022,285.4333191,288.7133179,268.1900024,268.1933289,268.1933289,72494100,-4.021280504,Tesla
08/03/2022,265.1766663,283.3299866,260.7233276,274.7999878,274.7999878,80399100,2.46339421,Tesla
09/03/2022,279.8266602,286.8533325,277.3366699,286.3233337,286.3233337,59184000,4.193357518,Tesla
10/03/2022,283.8166809,284.8166809,270.1199951,279.4333191,279.4333191,58648500,-2.406375533,Tesla
11/03/2022,280.0666809,281.2666626,264.5899963,265.1166687,265.1166687,67037100,-5.12345859,Tesla
14/03/2022,260.2033386,266.8999939,252.0133362,255.456665,255.456665,71152200,-3.643680237,Tesla
15/03/2022,258.4233398,268.5233459,252.1900024,267.2966614,267.2966614,66841200,4.634835555,Tesla
16/03/2022,269.6666565,280.6666565,267.4200134,280.0766602,280.0766602,84028800,4.781204043,Tesla
17/03/2022,276.9966736,291.6666565,275.2399902,290.5333252,290.5333252,66582900,3.733501047,Tesla
18/03/2022,291.4966736,302.6166687,289.1300049,301.7966614,301.7966614,100414200,3.876779428,Tesla
21/03/2022,304.9933472,314.2833252,302.3633423,307.0533447,307.0533447,81981600,1.741796389,Tesla
22/03/2022,310,332.6199951,307.25,331.3266602,331.3266602,105868500,7.905243778,Tesla
23/03/2022,326.6466675,346.8999939,325.4666748,333.0366821,333.0366821,120676200,0.516113606,Tesla
24/03/2022,336.5766602,341.4966736,329.6000061,337.9733276,337.9733276,68920800,1.482312842,Tesla
25/03/2022,336,340.6000061,332.4400024,336.8800049,336.8800049,62031600,-0.323493798,Tesla
28/03/2022,355.0333252,365.9599915,351.2000122,363.9466553,363.9466553,102506100,8.034507836,Tesla
29/03/2022,369.3299866,371.5899963,357.7033386,366.5233459,366.5233459,73614900,0.70798581,Tesla
30/03/2022,363.7233276,371.3166809,361.3333435,364.6633301,364.6633301,59865000,-0.507475415,Tesla
31/03/2022,364.8566589,367.7133179,358.8800049,359.2000122,359.2000122,48992700,-1.498181314,Tesla
01/04/2022,360.3833313,364.9166565,355.5466614,361.5299988,361.5299988,54263100,0.648659937,Tesla
04/04/2022,363.1266785,383.3033447,357.5100098,381.8166809,381.8166809,82035900,5.611341299,Tesla
05/04/2022,378.7666626,384.2900085,362.4333191,363.7533264,363.7533264,80075100,-4.730897154,Tesla
06/04/2022,357.8233337,359.6666565,342.5666809,348.5866699,348.5866699,89348400,-4.169489429,Tesla
07/04/2022,350.7966614,358.8633423,340.5133362,352.4200134,352.4200134,79447200,1.099681611,Tesla
08/04/2022,347.7366638,349.480011,340.813324,341.8299866,341.8299866,55013700,-3.004944797,Tesla
11/04/2022,326.7999878,336.1566772,324.8800049,325.3099976,325.3099976,59357100,-4.832808607,Tesla
12/04/2022,332.5466614,340.3966675,325.5333252,328.9833374,328.9833374,65976000,1.129181357,Tesla
13/04/2022,327.0266724,342.0799866,324.3666687,340.7900085,340.7900085,55121100,3.588835604,Tesla
14/04/2022,333.0966797,337.5700073,327.3966675,328.3333435,328.3333435,58422300,-3.655231881,Tesla
18/04/2022,329.6766663,338.3066711,324.4700012,334.7633362,334.7633362,51715200,1.958373343,Tesla
19/04/2022,335.019989,344.980011,331.7766724,342.7166748,342.7166748,49847700,2.375809345,Tesla
20/04/2022,343.3333435,344.6666565,325.0833435,325.7333374,325.7333374,70711200,-4.955503671,Tesla
21/04/2022,358.2433472,364.0733337,332.1400146,336.2600098,336.2600098,105416400,3.231684066,Tesla
22/04/2022,338.3033447,344.9500122,331.3333435,335.0166626,335.0166626,69696600,-0.369757667,Tesla
25/04/2022,326.3233337,336.206665,325.1000061,332.6733398,332.6733398,68341200,-0.699464539,Tesla
26/04/2022,331.8099976,333.3333435,291.6666565,292.1400146,292.1400146,136133700,-12.18412188,Tesla
27/04/2022,299.5266724,306,292.4533386,293.8366699,293.8366699,76956300,0.580767847,Tesla
28/04/2022,299.9933472,300,273.8999939,292.5033264,292.5033264,124948500,-0.453770289,Tesla
29/04/2022,300.75,311.4666748,290,290.2533264,290.2533264,88133100,-0.769222021,Tesla
02/05/2022,286.9233398,302.1199951,282.6766663,300.980011,300.980011,75781500,3.695628471,Tesla
03/05/2022,301.0599976,308.0266724,296.1966553,303.0833435,303.0833435,63709500,0.698827976,Tesla
04/05/2022,301.313324,318.5,295.0933228,317.5400085,317.5400085,81643800,4.769864576,Tesla
05/05/2022,313.0066528,315.2000122,285.8999939,291.0933228,291.0933228,92519100,-8.328615318,Tesla
06/05/2022,295.6666565,296,281.0366821,288.5499878,288.5499878,72903000,-0.87371807,Tesla
09/05/2022,278.8166809,281.8766785,260.3833313,262.3699951,262.3699951,90810300,-9.072948807,Tesla
10/05/2022,273.1033325,275.1199951,258.0833435,266.6799927,266.6799927,84401700,1.642717399,Tesla
11/05/2022,265,269.9233398,242.3999939,244.6666718,244.6666718,97224600,-8.254582844,Tesla
12/05/2022,233.6666718,253.2200012,226.6666718,242.6666718,242.6666718,140313000,-0.817438675,Tesla
13/05/2022,257.8266602,262.4500122,250.5233307,256.5299988,256.5299988,92150700,5.712909369,Tesla
16/05/2022,255.7200012,256.5866699,239.6966705,241.456665,241.456665,86098500,-5.875856162,Tesla
17/05/2022,249.1199951,254.8266602,242.9499969,253.8699951,253.8699951,80236200,5.141017779,Tesla
18/05/2022,248.1733398,253.5,233.6033325,236.6033325,236.6033325,87811800,-6.801379812,Tesla
19/05/2022,235.6666718,244.6666718,231.3699951,236.4733276,236.4733276,90296700,-0.054946345,Tesla
20/05/2022,237.9966736,240.5266724,211,221.3000031,221.3000031,144973200,-6.416505716,Tesla
23/05/2022,218.3399963,226.6533356,212.6866608,224.9666595,224.9666595,88903500,1.656871416,Tesla
24/05/2022,217.843338,217.9733276,206.8566742,209.386673,209.386673,89092500,-6.925464691,Tesla
25/05/2022,207.9499969,223.1066742,207.6699982,219.6000061,219.6000061,92139300,4.877737912,Tesla
26/05/2022,220.4733276,239.5566711,217.886673,235.9100037,235.9100037,106003200,7.427138937,Tesla
27/05/2022,241.0833282,253.2666626,240.1766663,253.2100067,253.2100067,89295000,7.333306254,Tesla
31/05/2022,257.9466553,259.6000061,244.7433319,252.7533264,252.7533264,101914500,-0.180356339,Tesla
01/06/2022,251.7200012,257.3266602,243.6399994,246.7899933,246.7899933,77247900,-2.35934902,Tesla
02/06/2022,244.156662,264.2099915,242.0666656,258.3333435,258.3333435,93473100,4.677398004,Tesla
03/06/2022,243.2266693,247.7966614,233.4166718,234.5166626,234.5166626,112393800,-9.219359989,Tesla
06/06/2022,244.3533325,244.8666687,234.3500061,238.2799988,238.2799988,84204600,1.604720168,Tesla
07/06/2022,234,239.9966736,230.093338,238.886673,238.886673,72808500,0.254605589,Tesla
08/06/2022,240.0866699,249.9633331,239.1766663,241.8666687,241.8666687,76210500,1.247451643,Tesla
09/06/2022,249.3399963,255.5466614,239.3266602,239.706665,239.706665,96491400,-0.893055531,Tesla
10/06/2022,235.156662,239.5,227.9133301,232.2299957,232.2299957,97536600,-3.119091123,Tesla
13/06/2022,223.1666718,226.6333313,214.6833344,215.7366638,215.7366638,102767400,-7.102153991,Tesla
14/06/2022,218.2866669,226.3300018,211.7366638,220.8899994,220.8899994,97988700,2.388715706,Tesla
15/06/2022,220.9166718,235.6633301,218.1499939,233,233,119131800,5.48236708,Tesla
16/06/2022,222.7366638,225.1666718,208.6933289,213.1000061,213.1000061,107390700,-8.540769913,Tesla
17/06/2022,213.4333344,220.9700012,213.1966705,216.7599945,216.7599945,92641800,1.717498028,Tesla
21/06/2022,224.6033325,243.5766602,224.3333282,237.0366669,237.0366669,122793000,9.354434802,Tesla
22/06/2022,234.5033264,246.8333282,233.8266602,236.0866699,236.0866699,101107500,-0.400780588,Tesla
23/06/2022,237.906662,239.3166656,228.636673,235.0700073,235.0700073,104202600,-0.430631089,Tesla
24/06/2022,237.4700012,246.0666656,236.0866699,245.706665,245.706665,95770800,4.524889345,Tesla
27/06/2022,249.3666687,252.0700073,242.5666656,244.9199982,244.9199982,89178300,-0.320165051,Tesla
28/06/2022,244.4833374,249.9700012,232.343338,232.6633301,232.6633301,90391200,-5.004355782,Tesla
29/06/2022,230.5,231.1733398,222.2733307,228.4900055,228.4900055,82897200,-1.793718238,Tesla
30/06/2022,224.5099945,229.456665,218.863327,224.4733276,224.4733276,94600500,-1.75792278,Tesla
01/07/2022,227,230.2299957,222.1199951,227.2633362,227.2633362,74460300,1.242913167,Tesla
05/07/2022,223,233.1466675,216.1666718,233.0666656,233.0666656,84581100,2.553570481,Tesla
06/07/2022,230.7799988,234.5633392,227.1866608,231.7333374,231.7333374,71853600,-0.5720802,Tesla
07/07/2022,233.9199982,245.363327,232.2100067,244.543335,244.543335,81930600,5.527904488,Tesla
08/07/2022,242.3333282,254.9799957,241.1600037,250.7633362,250.7633362,101854200,2.543516969,Tesla
11/07/2022,252.1033325,253.0633392,233.6266632,234.343338,234.343338,99241200,-6.548005948,Tesla
12/07/2022,236.8466644,239.7733307,228.3699951,233.0700073,233.0700073,87930900,-0.543361164,Tesla
13/07/2022,225.5,242.0599976,225.0333405,237.0399933,237.0399933,97954500,1.703344848,Tesla
14/07/2022,234.8966675,238.6533356,229.3333282,238.3133392,238.3133392,78557400,0.537186122,Tesla
15/07/2022,240,243.6233368,236.8899994,240.0666656,240.0666656,69683100,0.735723154,Tesla
18/07/2022,244.9366608,250.5166626,239.6033325,240.5466614,240.5466614,82537500,0.199942681,Tesla
19/07/2022,245,247.1399994,236.9766693,245.5299988,245.5299988,80890200,2.071671822,Tesla
20/07/2022,246.7833405,250.6633301,243.4833374,247.5,247.5,88864200,0.802346447,Tesla
21/07/2022,255.1066742,273.2666626,254.8666687,271.706665,271.706665,142032300,9.780470723,Tesla
22/07/2022,276.2200012,280.7866821,270.7133179,272.2433472,272.2433472,103472700,0.197522622,Tesla
25/07/2022,272.2166748,274.1466675,267.3999939,268.4333191,268.4333191,64073400,-1.399493547,Tesla
26/07/2022,266.5133362,267.3099976,256.2633362,258.8599854,258.8599854,66820800,-3.566373121,Tesla
27/07/2022,263.8099976,275.9266663,261.7900085,274.8200073,274.8200073,88110000,6.165503699,Tesla
28/07/2022,280.0666809,283.2999878,272.7999878,280.8999939,280.8999939,84723000,2.212352234,Tesla
29/07/2022,280.7000122,298.3200073,279.1000061,297.1499939,297.1499939,95313000,5.784976986,Tesla
01/08/2022,301.2766724,311.8766785,295,297.2766724,297.2766724,117042900,0.042631152,Tesla
02/08/2022,294.0033264,307.8333435,292.6666565,300.5866699,300.5866699,95577600,1.11344006,Tesla
03/08/2022,305,309.5499878,301.1499939,307.3966675,307.3966675,80091000,2.265568716,Tesla
04/08/2022,311,313.6066589,305,308.6333313,308.6333313,72256200,0.402302285,Tesla
05/08/2022,302.6700134,304.6066589,285.543335,288.1700134,288.1700134,113172900,-6.630300682,Tesla
08/08/2022,295,305.2000122,289.0866699,290.4233398,290.4233398,98994000,0.781943405,Tesla
09/08/2022,290.293335,292.3966675,279.3533325,283.3333435,283.3333435,86244600,-2.441262586,Tesla
10/08/2022,297.0666809,297.5100098,283.3699951,294.3566589,294.3566589,94918800,3.890581777,Tesla
11/08/2022,296.5133362,298.2366638,285.8333435,286.6300049,286.6300049,70155000,-2.624929254,Tesla
12/08/2022,289.4166565,300.1600037,285.0333252,300.0299988,300.0299988,79657200,4.675014363,Tesla
15/08/2022,301.7866821,313.1333313,301.230011,309.3200073,309.3200073,89359200,3.096359892,Tesla
16/08/2022,311.6666565,314.6666565,302.8833313,306.563324,306.563324,88136400,-0.891207579,Tesla
17/08/2022,303.3966675,309.6566772,300.0333252,303.9966736,303.9966736,68766000,-0.837233351,Tesla
18/08/2022,306,306.5,301.8533325,302.8699951,302.8699951,47500500,-0.370621972,Tesla
19/08/2022,299,300.3599854,292.5,296.6666565,296.6666565,61395300,-2.048185269,Tesla
22/08/2022,291.9133301,292.3999939,286.2966614,289.9133301,289.9133301,55843200,-2.276402241,Tesla
23/08/2022,291.4533386,298.8266602,287.9233398,296.4533386,296.4533386,63984900,2.255849548,Tesla
24/08/2022,297.563324,303.6466675,296.5,297.0966797,297.0966797,57259800,0.217012589,Tesla
25/08/2022,302.3599854,302.9599915,291.6000061,296.0700073,296.0700073,53230000,-0.345568441,Tesla
26/08/2022,297.4299927,302,287.4700012,288.0899963,288.0899963,57163900,-2.695312186,Tesla
29/08/2022,282.8299866,287.7399902,280.7000122,284.8200073,284.8200073,41864700,-1.135058161,Tesla
30/08/2022,287.8699951,288.480011,272.6499939,277.7000122,277.7000122,50541800,-2.499822672,Tesla
31/08/2022,280.6199951,281.25,271.8099976,275.6099854,275.6099854,52107300,-0.752620369,Tesla
01/09/2022,272.5799866,277.5799866,266.1499939,277.1600037,277.1600037,54287000,0.562395556,Tesla
02/09/2022,281.0700073,282.3500061,269.0799866,270.2099915,270.2099915,50890100,-2.507581222,Tesla
06/09/2022,272.6799927,275.9899902,265.7399902,274.4200134,274.4200134,55860000,1.558055626,Tesla
07/09/2022,273.1000061,283.8399963,272.269989,283.7000122,283.7000122,50028900,3.38167711,Tesla
08/09/2022,281.2999878,289.5,279.7600098,289.2600098,289.2600098,53713100,1.959815763,Tesla
09/09/2022,291.6700134,299.8500061,291.25,299.6799927,299.6799927,54338100,3.602289483,Tesla
12/09/2022,300.7200012,305.4899902,300.3999939,304.4200134,304.4200134,48674600,1.581694096,Tesla
13/09/2022,292.8999939,297.3999939,290.3999939,292.1300049,292.1300049,68229600,-4.037188096,Tesla
14/09/2022,292.2399902,306,291.6400146,302.6099854,302.6099854,72628700,3.5874372,Tesla
15/09/2022,301.8299866,309.1199951,300.7200012,303.75,303.75,64795500,0.376727373,Tesla
16/09/2022,299.6099854,303.7099915,295.6000061,303.3500061,303.3500061,87087800,-0.131685233,Tesla
19/09/2022,300.0899963,309.8399963,297.7999878,309.0700073,309.0700073,60231200,1.885611045,Tesla
20/09/2022,306.9100037,313.3299866,305.5799866,308.730011,308.730011,61642800,-0.110006254,Tesla
21/09/2022,308.2900085,313.7999878,300.6300049,300.7999878,300.7999878,62555700,-2.56859486,Tesla
22/09/2022,299.8599854,301.2900085,285.8200073,288.5899963,288.5899963,70545400,-4.059172856,Tesla
23/09/2022,283.0899963,284.5,272.8200073,275.3299866,275.3299866,63748400,-4.594757245,Tesla
26/09/2022,271.8299866,284.0899963,270.3099976,276.0100098,276.0100098,58076900,0.246984792,Tesla
27/09/2022,283.8399963,288.6700134,277.5100098,282.9400024,282.9400024,61925200,2.510775853,Tesla
28/09/2022,283.0799866,289,277.5700073,287.8099976,287.8099976,54664800,1.721211237,Tesla
29/09/2022,282.7600098,283.6499939,265.7799988,268.2099915,268.2099915,77620600,-6.810050474,Tesla
30/09/2022,266.1499939,275.5700073,262.4700012,265.25,265.25,67726600,-1.10360969,Tesla
03/10/2022,254.5,255.1600037,241.0099945,242.3999939,242.3999939,98363500,-8.61451691,Tesla
04/10/2022,250.5200043,257.5,242.0099945,249.4400024,249.4400024,109578500,2.904294027,Tesla
05/10/2022,245.0099945,246.6699982,233.2700043,240.8099976,240.8099976,86982700,-3.459751763,Tesla
06/10/2022,239.4400024,244.5800018,235.3500061,238.1300049,238.1300049,69298400,-1.112907563,Tesla
07/10/2022,233.9400024,234.5700073,222.0200043,223.0700073,223.0700073,83916800,-6.324275501,Tesla
10/10/2022,223.9299927,226.9900055,218.3600006,222.9600067,222.9600067,67925000,-0.049312147,Tesla
11/10/2022,220.9499969,225.75,215,216.5,216.5,77013200,-2.89738362,Tesla
12/10/2022,215.3300018,219.3000031,211.5099945,217.2400055,217.2400055,66860700,0.341803923,Tesla
13/10/2022,208.3000031,222.9900055,206.2200012,221.7200012,221.7200012,91483000,2.062233297,Tesla
14/10/2022,224.0099945,226.2599945,204.1600037,204.9900055,204.9900055,94124500,-7.545550981,Tesla
17/10/2022,210.0399933,221.8600006,209.4499969,219.3500061,219.3500061,79428800,7.005219877,Tesla
18/10/2022,229.5,229.8200073,217.25,220.1900024,220.1900024,75891900,0.382947944,Tesla
19/10/2022,219.8000031,222.9299927,217.7799988,222.0399933,222.0399933,66571500,0.840179311,Tesla
20/10/2022,208.2799988,215.5500031,202,207.2799988,207.2799988,117798100,-6.647448637,Tesla
21/10/2022,206.4199982,214.6600037,203.8000031,214.4400024,214.4400024,75713800,3.45426655,Tesla
24/10/2022,205.8200073,213.5,198.5899963,211.25,211.25,100446800,-1.487596719,Tesla
25/10/2022,210.1000061,224.3500061,210,222.4199982,222.4199982,96507900,5.287573098,Tesla
26/10/2022,219.3999939,230.6000061,218.1999969,224.6399994,224.6399994,85012500,0.998112238,Tesla
27/10/2022,229.7700043,233.8099976,222.8500061,225.0899963,225.0899963,61638800,0.200319155,Tesla
28/10/2022,225.3999939,228.8600006,216.3500061,228.5200043,228.5200043,69152400,1.52383846,Tesla
31/10/2022,226.1900024,229.8500061,221.9400024,227.5399933,227.5399933,61554300,-0.42885129,Tesla
01/11/2022,234.0500031,237.3999939,227.2799988,227.8200073,227.8200073,62688800,0.12306146,Tesla
02/11/2022,226.0399933,227.8699951,214.8200073,214.9799957,214.9799957,63070300,-5.636033353,Tesla
03/11/2022,211.3600006,221.1999969,210.1399994,215.3099976,215.3099976,56538800,0.153503506,Tesla
04/11/2022,222.6000061,223.8000031,203.0800018,207.4700012,207.4700012,98622200,-3.641259777,Tesla
07/11/2022,208.6499939,208.8999939,196.6600037,197.0800018,197.0800018,93916500,-5.007952633,Tesla
08/11/2022,194.0200043,195.1999969,186.75,191.3000031,191.3000031,128803400,-2.932818513,Tesla
09/11/2022,190.7799988,195.8899994,177.1199951,177.5899963,177.5899963,127062700,-7.166757185,Tesla
10/11/2022,189.8999939,191,180.0299988,190.7200012,190.7200012,132703000,7.393437217,Tesla
11/11/2022,186,196.5200043,182.5899963,195.9700012,195.9700012,114403600,2.752726492,Tesla
14/11/2022,192.7700043,195.7299957,186.3399963,190.9499969,190.9499969,92226600,-2.561618738,Tesla
15/11/2022,195.8800049,200.8200073,192.0599976,194.4199982,194.4199982,91293800,1.81723031,Tesla
16/11/2022,191.5099945,192.5700073,185.6600037,186.9199982,186.9199982,66567600,-3.857627852,Tesla
17/11/2022,183.9600067,186.1600037,180.8999939,183.1699982,183.1699982,64336000,-2.006205883,Tesla
18/11/2022,185.0500031,185.1900024,176.5500031,180.1900024,180.1900024,76048900,-1.626901653,Tesla
21/11/2022,175.8500061,176.7700043,167.5399933,167.8699951,167.8699951,92882700,-6.837231343,Tesla
22/11/2022,168.6300049,170.9199982,166.1900024,169.9100037,169.9100037,78452300,1.215231193,Tesla
23/11/2022,173.5700073,183.6199951,172.5,183.1999969,183.1999969,109536700,7.821783885,Tesla
25/11/2022,185.0599976,185.1999969,180.6300049,182.8600006,182.8600006,50672700,-0.185587524,Tesla
28/11/2022,179.9600067,188.5,179,182.9199982,182.9199982,92905200,0.032810652,Tesla
29/11/2022,184.9900055,186.3800049,178.75,180.8300018,180.8300018,83357100,-1.142573999,Tesla
30/11/2022,182.4299927,194.7599945,180.6300049,194.6999969,194.6999969,109186400,7.670184691,Tesla
01/12/2022,197.0800018,198.9199982,191.8000031,194.6999969,194.6999969,80046200,0,Tesla
02/12/2022,191.7799988,196.25,191.1100006,194.8600006,194.8600006,73645900,0.082179591,Tesla
05/12/2022,189.4400024,191.2700043,180.5500031,182.4499969,182.4499969,93122700,-6.368676806,Tesla
06/12/2022,181.2200012,183.6499939,175.3300018,179.8200073,179.8200073,92150800,-1.441485156,Tesla
07/12/2022,175.0299988,179.3800049,172.2200012,174.0399933,174.0399933,84213300,-3.214333112,Tesla
08/12/2022,172.1999969,175.1999969,169.0599976,173.4400024,173.4400024,97624500,-0.344743087,Tesla
09/12/2022,173.8399963,182.5,173.3600006,179.0500031,179.0500031,104872300,3.234548277,Tesla
12/12/2022,176.1000061,177.3699951,167.5200043,167.8200073,167.8200073,109794500,-6.271988571,Tesla
13/12/2022,174.8699951,175.0500031,156.9100037,160.9499969,160.9499969,175862700,-4.093677795,Tesla
14/12/2022,159.25,161.6199951,155.3099976,156.8000031,156.8000031,140682300,-2.578436766,Tesla
15/12/2022,153.4400024,160.9299927,153.2799988,157.6699982,157.6699982,122334500,0.554843814,Tesla
16/12/2022,159.6399994,160.9900055,150.0399933,150.2299957,150.2299957,139032200,-4.718717909,Tesla
19/12/2022,154,155.25,145.8200073,149.8699951,149.8699951,139390600,-0.239632976,Tesla
20/12/2022,146.0500031,148.4700012,137.6600037,137.8000031,137.8000031,159563300,-8.053641462,Tesla
21/12/2022,139.3399963,141.2599945,135.8899994,137.5700073,137.5700073,145417400,-0.166905459,Tesla
22/12/2022,136,136.6300049,122.2600021,125.3499985,125.3499985,210090300,-8.88275656,Tesla
23/12/2022,126.3700027,128.6199951,121.0199966,123.1500015,123.1500015,166989700,-1.755083347,Tesla
27/12/2022,117.5,119.6699982,108.7600021,109.0999985,109.0999985,208643400,-11.40885333,Tesla
28/12/2022,110.3499985,116.2699966,108.2399979,112.7099991,112.7099991,221070500,3.308891531,Tesla
29/12/2022,120.3899994,123.5699997,117.5,121.8199997,121.8199997,221923300,8.082690697,Tesla
30/12/2022,119.9499969,124.4800034,119.75,123.1800003,123.1800003,157777300,1.116401752,Tesla
03/01/2023,118.4700012,118.8000031,104.6399994,108.0999985,108.0999985,231402800,-12.24224857,Tesla
04/01/2023,109.1100006,114.5899963,107.5199966,113.6399994,113.6399994,180389000,5.124885286,Tesla
05/01/2023,110.5100021,111.75,107.1600037,110.3399963,110.3399963,157986300,-2.903909776,Tesla
06/01/2023,103,114.3899994,101.8099976,113.0599976,113.0599976,220911100,2.465109037,Tesla
09/01/2023,118.9599991,123.5199966,117.1100006,119.7699966,119.7699966,190284000,5.93490114,Tesla
10/01/2023,121.0699997,122.7600021,114.9199982,118.8499985,118.8499985,167642500,-0.768137426,Tesla
11/01/2023,122.0899963,125.9499969,120.5100021,123.2200012,123.2200012,183810800,3.676906018,Tesla
12/01/2023,122.5599976,124.1299973,117,123.5599976,123.5599976,169400900,0.275926258,Tesla
13/01/2023,116.5500031,122.6299973,115.5999985,122.4000015,122.4000015,180714100,-0.938811958,Tesla
17/01/2023,125.6999969,131.6999969,125.0199966,131.4900055,131.4900055,186477000,7.426473737,Tesla
18/01/2023,136.5599976,136.6799927,127.0100021,128.7799988,128.7799988,195680300,-2.060998251,Tesla
19/01/2023,127.2600021,129.9900055,124.3099976,127.1699982,127.1699982,170291900,-1.250194615,Tesla
20/01/2023,128.6799927,133.5099945,127.3499985,133.4199982,133.4199982,138858100,4.914681206,Tesla
23/01/2023,135.8699951,145.3800049,134.2700043,143.75,143.75,203119200,7.742468875,Tesla
24/01/2023,143,146.5,141.1000061,143.8899994,143.8899994,158699100,0.09739088,Tesla
25/01/2023,141.9100037,146.4100037,138.0700073,144.4299927,144.4299927,192734300,0.375282013,Tesla
26/01/2023,159.9700012,161.4199982,154.7599945,160.2700043,160.2700043,234815100,10.96725916,Tesla
27/01/2023,162.4299927,180.6799927,161.1699982,177.8999939,177.8999939,306590600,11.00018042,Tesla
30/01/2023,178.0500031,179.7700043,166.5,166.6600037,166.6600037,230878800,-6.318150995,Tesla
31/01/2023,164.5700073,174.3000031,162.7799988,173.2200012,173.2200012,196813500,3.936155895,Tesla
01/02/2023,173.8899994,183.8099976,169.9299927,181.4100037,181.4100037,213806300,4.728092821,Tesla
02/02/2023,187.3300018,196.75,182.6100006,188.2700043,188.2700043,217448300,3.781489704,Tesla
03/02/2023,183.9499969,199,183.6900024,189.9799957,189.9799957,232662000,0.908265478,Tesla
06/02/2023,193.0099945,198.1699982,189.9199982,194.7599945,194.7599945,186188100,2.516053736,Tesla
07/02/2023,196.4299927,197.5,189.5500031,196.8099976,196.8099976,186010300,1.052579128,Tesla
08/02/2023,196.1000061,203,194.3099976,201.2899933,201.2899933,180673600,2.276304956,Tesla
09/02/2023,207.7799988,214,204.7700043,207.3200073,207.3200073,215431400,2.995684952,Tesla
10/02/2023,202.2299957,206.1999969,192.8899994,196.8899994,196.8899994,204754100,-5.030873802,Tesla
13/02/2023,194.4199982,196.3000031,187.6100006,194.6399994,194.6399994,172475500,-1.142770078,Tesla
14/02/2023,191.9400024,209.8200073,189.4400024,209.25,209.25,216455700,7.506165565,Tesla
15/02/2023,211.7599945,214.6600037,206.1100006,214.2400055,214.2400055,181006400,2.384709913,Tesla
16/02/2023,210.7799988,217.6499939,201.8399963,202.0399933,202.0399933,229586500,-5.694553722,Tesla
17/02/2023,199.9900055,208.4400024,197.5,208.3099976,208.3099976,213738500,3.10334809,Tesla
21/02/2023,204.9900055,209.7100067,197.2200012,197.3699951,197.3699951,180018600,-5.251789434,Tesla
22/02/2023,197.9299927,201.9900055,191.7799988,200.8600006,200.8600006,191828500,1.768255348,Tesla
23/02/2023,203.9100037,205.1399994,196.3300018,202.0700073,202.0700073,146360000,0.602412979,Tesla
24/02/2023,196.3300018,197.6699982,192.8000031,196.8800049,196.8800049,142228100,-2.568418,Tesla
27/02/2023,202.0299988,209.4199982,201.2599945,207.6300049,207.6300049,161028300,5.460178654,Tesla
28/02/2023,210.5899963,211.2299957,203.75,205.7100067,205.7100067,153144900,-0.924720957,Tesla
01/03/2023,206.2100067,207.1999969,198.5200043,202.7700043,202.7700043,156852800,-1.429197582,Tesla
02/03/2023,186.7400055,193.75,186.0099945,190.8999939,190.8999939,181500700,-5.853928158,Tesla
03/03/2023,194.8000031,200.4799957,192.8800049,197.7899933,197.7899933,154193300,3.609219282,Tesla
06/03/2023,198.5399933,198.6000061,192.3000031,193.8099976,193.8099976,128100100,-2.012233107,Tesla
07/03/2023,191.3800049,194.1999969,186.1000061,187.7100067,187.7100067,148125800,-3.14740773,Tesla
08/03/2023,185.0399933,186.5,180,182,182,151897800,-3.041929844,Tesla
09/03/2023,180.25,185.1799927,172.5099945,172.9199982,172.9199982,170023800,-4.989011995,Tesla
10/03/2023,175.1300049,178.2899933,168.4400024,173.4400024,173.4400024,191488900,0.300719569,Tesla
13/03/2023,167.4600067,177.3500061,163.9100037,174.4799957,174.4799957,167790300,0.599627117,Tesla
14/03/2023,177.3099976,183.8000031,177.1399994,183.2599945,183.2599945,143717900,5.032094793,Tesla
15/03/2023,180.8000031,182.3399963,176.0299988,180.4499969,180.4499969,145995600,-1.533339323,Tesla
16/03/2023,180.3699951,185.8099976,178.8399963,184.1300049,184.1300049,121136800,2.039350511,Tesla
17/03/2023,184.5200043,186.2200012,177.3300018,180.1300049,180.1300049,133197100,-2.172378153,Tesla
20/03/2023,178.0800018,186.4400024,176.3500061,183.25,183.25,129684400,1.732079627,Tesla
21/03/2023,188.2799988,198,188.0399933,197.5800018,197.5800018,153391400,7.819919144,Tesla
22/03/2023,199.3000031,200.6600037,190.9499969,191.1499939,191.1499939,150376400,-3.254381959,Tesla
23/03/2023,195.2599945,199.3099976,188.6499939,192.2200012,192.2200012,144193900,0.559773664,Tesla
24/03/2023,191.6499939,192.3600006,187.1499939,190.4100037,190.4100037,116312400,-0.941628107,Tesla
27/03/2023,194.4199982,197.3899994,189.9400024,191.8099976,191.8099976,120851600,0.735252282,Tesla
28/03/2023,192,192.3500061,185.4299927,189.1900024,189.1900024,98654600,-1.365932512,Tesla
29/03/2023,193.1300049,195.2899933,189.4400024,193.8800049,193.8800049,123660000,2.478990634,Tesla
30/03/2023,195.5800018,197.3300018,194.4199982,195.2799988,195.2799988,110252200,0.722092976,Tesla
31/03/2023,197.5299988,207.7899933,197.1999969,207.4600067,207.4600067,170222100,6.237201972,Tesla
03/04/2023,199.9100037,202.6900024,192.1999969,194.7700043,194.7700043,169545900,-6.11684278,Tesla
04/04/2023,197.3200073,198.7400055,190.3200073,192.5800018,192.5800018,126463800,-1.124404371,Tesla
05/04/2023,190.5200043,190.6799927,183.7599945,185.5200043,185.5200043,133882500,-3.666007629,Tesla
06/04/2023,183.0800018,186.3899994,179.7400055,185.0599976,185.0599976,123857900,-0.247955317,Tesla
10/04/2023,179.9400024,185.1000061,176.1100006,184.5099945,184.5099945,142154600,-0.297202561,Tesla
11/04/2023,186.6900024,189.1900024,185.6499939,186.7899933,186.7899933,115770900,1.235704757,Tesla
12/04/2023,190.7400055,191.5800018,180.3099976,180.5399933,180.5399933,150256300,-3.346003654,Tesla
13/04/2023,182.9600067,186.5,180.9400024,185.8999939,185.8999939,112933000,2.968871613,Tesla
14/04/2023,183.9499969,186.2799988,182.0099945,185,185,96438700,-0.484127986,Tesla
17/04/2023,186.3200073,189.6900024,182.6900024,187.0399933,187.0399933,116662200,1.102699074,Tesla
18/04/2023,187.1499939,187.6900024,183.5800018,184.3099976,184.3099976,92067000,-1.459578606,Tesla
19/04/2023,179.1000061,183.5,177.6499939,180.5899963,180.5899963,125732700,-2.018339358,Tesla
20/04/2023,166.1699982,169.6999969,160.5599976,162.9900055,162.9900055,210970800,-9.745828231,Tesla
21/04/2023,164.8000031,166,161.3200073,165.0800018,165.0800018,123539000,1.282284967,Tesla
24/04/2023,164.6499939,165.6499939,158.6100006,162.5500031,162.5500031,140006600,-1.532589503,Tesla
25/04/2023,159.8200073,163.4700012,158.75,160.6699982,160.6699982,121999300,-1.156570192,Tesla
26/04/2023,160.2899933,160.6699982,153.1399994,153.75,153.75,153364100,-4.306963495,Tesla
27/04/2023,152.6399994,160.4799957,152.3699951,160.1900024,160.1900024,127015200,4.188619474,Tesla
28/04/2023,160.8999939,165,157.3200073,164.3099976,164.3099976,122515800,2.571942727,Tesla
01/05/2023,163.1699982,163.2799988,158.8300018,161.8300018,161.8300018,109015000,-1.509339519,Tesla
02/05/2023,161.8800049,165.4900055,158.9299927,160.3099976,160.3099976,128259700,-0.939259875,Tesla
03/05/2023,160.0099945,165,159.9100037,160.6100006,160.6100006,119728000,0.187139328,Tesla
04/05/2023,162.7100067,162.9499969,159.6499939,161.1999969,161.1999969,95108500,0.367347199,Tesla
05/05/2023,163.9700012,170.7899933,163.5099945,170.0599976,170.0599976,107440900,5.496278398,Tesla
08/05/2023,173.7200012,173.8000031,169.1900024,171.7899933,171.7899933,112249400,1.017285518,Tesla
09/05/2023,168.9499969,169.8200073,166.5599976,169.1499939,169.1499939,88965000,-1.536759702,Tesla
10/05/2023,172.5500031,174.4299927,166.6799927,168.5399933,168.5399933,119840700,-0.360627037,Tesla
11/05/2023,168.6999969,173.5700073,166.7899933,172.0800018,172.0800018,103889900,2.100396752,Tesla
12/05/2023,176.0700073,177.3800049,167.2299957,167.9799957,167.9799957,157577100,-2.38261626,Tesla
15/05/2023,167.6600037,169.7599945,164.5500031,166.3500061,166.3500061,105592500,-0.970347461,Tesla
16/05/2023,165.6499939,169.5200043,164.3500061,166.5200043,166.5200043,98288800,0.102193064,Tesla
17/05/2023,168.4100037,174.5,167.1900024,173.8600006,173.8600006,125473600,4.407876621,Tesla
18/05/2023,174.2200012,177.0599976,172.4499969,176.8899994,176.8899994,109520300,1.74278084,Tesla
19/05/2023,177.1699982,181.9499969,176.3099976,180.1399994,180.1399994,136024200,1.837300023,Tesla
22/05/2023,180.6999969,189.3200073,180.1100006,188.8699951,188.8699951,132001400,4.846228354,Tesla
23/05/2023,186.1999969,192.9600067,185.2599945,185.7700043,185.7700043,156952100,-1.6413358,Tesla
24/05/2023,182.2299957,184.2200012,178.2200012,182.8999939,182.8999939,137605100,-1.544926689,Tesla
25/05/2023,186.5399933,186.7799988,180.5800018,184.4700012,184.4700012,96870700,0.858396597,Tesla
26/05/2023,184.6199951,198.6000061,184.5299988,193.1699982,193.1699982,162061500,4.716212333,Tesla
30/05/2023,200.1000061,204.4799957,197.5299988,201.1600037,201.1600037,128818700,4.136255924,Tesla
31/05/2023,199.7799988,203.9499969,195.1199951,203.9299927,203.9299927,150711700,1.377007836,Tesla
01/06/2023,202.5899963,209.8000031,199.3699951,207.5200043,207.5200043,148029900,1.760413733,Tesla
02/06/2023,210.1499939,217.25,209.75,213.9700012,213.9700012,164129000,3.108132621,Tesla
05/06/2023,217.8000031,221.2899933,214.5200043,217.6100006,217.6100006,151143100,1.701172767,Tesla
06/06/2023,216.1399994,221.9100037,212.5299988,221.3099976,221.3099976,146911600,1.700288102,Tesla
07/06/2023,228,230.8300018,223.1999969,224.5700073,224.5700073,185710800,1.473051286,Tesla
08/06/2023,224.2200012,235.2299957,223.0099945,234.8600006,234.8600006,164489700,4.582087078,Tesla
09/06/2023,249.0700073,252.4199982,242.0200043,244.3999939,244.3999939,199882300,4.06199151,Tesla
12/06/2023,247.9400024,250.9700012,244.5899963,249.8300018,249.8300018,150337900,2.221770896,Tesla
13/06/2023,253.5099945,259.6799927,251.3399963,258.7099915,258.7099915,162384300,3.554412824,Tesla
14/06/2023,260.1700134,261.5700073,250.5,256.7900085,256.7900085,170575500,-0.742137132,Tesla
15/06/2023,248.3999939,258.9500122,247.2899933,255.8999939,255.8999939,160171200,-0.346592398,Tesla
16/06/2023,258.9200134,263.6000061,257.2099915,260.5400085,260.5400085,167563700,1.813214052,Tesla
20/06/2023,261.5,274.75,261.1199951,274.4500122,274.4500122,165611200,5.338912722,Tesla
21/06/2023,275.1300049,276.9899902,257.7799988,259.4599915,259.4599915,211797100,-5.461840075,Tesla
22/06/2023,250.7700043,265,248.25,264.6099854,264.6099854,166875900,1.984889411,Tesla
23/06/2023,259.2900085,262.4500122,252.8000031,256.6000061,256.6000061,176584100,-3.027088807,Tesla
26/06/2023,250.0700073,258.3699951,240.6999969,241.0500031,241.0500031,179990600,-6.060016634,Tesla
27/06/2023,243.2400055,250.3899994,240.8500061,250.2100067,250.2100067,164968200,3.800042956,Tesla
28/06/2023,249.6999969,259.8800049,248.8899994,256.2399902,256.2399902,159770800,2.40996897,Tesla
29/06/2023,258.0299988,260.7399902,253.6100006,257.5,257.5,131283400,0.491730336,Tesla
30/06/2023,260.6000061,264.4500122,259.8900146,261.769989,261.769989,112267600,1.658248161,Tesla
03/07/2023,276.4899902,284.25,275.1099854,279.8200073,279.8200073,119685900,6.895373445,Tesla
05/07/2023,278.8200073,283.8500061,277.6000061,282.480011,282.480011,131530900,0.950612391,Tesla
06/07/2023,278.0899963,279.9700012,272.8800049,276.5400085,276.5400085,120332100,-2.102804521,Tesla
07/07/2023,278.4299927,280.7799988,273.769989,274.4299927,274.4299927,113602000,-0.763005643,Tesla
10/07/2023,276.4700012,277.519989,265.1000061,269.6099854,269.6099854,119425400,-1.75637046,Tesla
11/07/2023,268.6499939,270.8999939,266.3699951,269.7900085,269.7900085,91972400,0.066771708,Tesla
12/07/2023,276.3299866,276.519989,271.4599915,271.9899902,271.9899902,95672100,0.81544224,Tesla
13/07/2023,274.5899963,279.4500122,270.6000061,277.8999939,277.8999939,112681500,2.172875427,Tesla
14/07/2023,277.0100098,285.2999878,276.3099976,281.3800049,281.3800049,119771100,1.252252991,Tesla
17/07/2023,286.6300049,292.230011,283.5700073,290.3800049,290.3800049,131569600,3.198521517,Tesla
18/07/2023,290.1499939,295.2600098,286.0100098,293.3399963,293.3399963,112434700,1.01935099,Tesla
19/07/2023,296.0400085,299.2900085,289.519989,291.2600098,291.2600098,142355400,-0.709070225,Tesla
20/07/2023,279.5599976,280.9299927,261.2000122,262.8999939,262.8999939,175158300,-9.73700986,Tesla
21/07/2023,268,268,255.8000031,260.019989,260.019989,161050100,-1.095475447,Tesla
24/07/2023,255.8500061,269.8500061,254.1199951,269.0599976,269.0599976,136508500,3.476659075,Tesla
25/07/2023,272.3800049,272.8999939,265,265.2799988,265.2799988,112757300,-1.404890661,Tesla
26/07/2023,263.25,268.0400085,261.75,264.3500061,264.3500061,95856200,-0.35057022,Tesla
27/07/2023,268.3099976,269.1300049,255.3000031,255.7100067,255.7100067,103697300,-3.268393868,Tesla
28/07/2023,259.8599854,267.25,258.230011,266.4400024,266.4400024,111446000,4.196157931,Tesla
31/07/2023,267.480011,269.0799866,263.7799988,267.4299927,267.4299927,84582200,0.371562162,Tesla
01/08/2023,266.2600098,266.4700012,260.25,261.0700073,261.0700073,83166000,-2.378187012,Tesla
02/08/2023,255.5700073,259.519989,250.4900055,254.1100006,254.1100006,101752900,-2.665954157,Tesla
03/08/2023,252.0399933,260.4899902,252,259.3200073,259.3200073,97569100,2.050295817,Tesla
04/08/2023,260.9700012,264.769989,253.1100006,253.8600006,253.8600006,99242600,-2.105509239,Tesla
07/08/2023,251.4499969,253.6499939,242.7599945,251.4499969,251.4499969,111097900,-0.949343597,Tesla
08/08/2023,247.4499969,250.9199982,245.0099945,249.6999969,249.6999969,96642200,-0.695963421,Tesla
09/08/2023,250.8699951,251.1000061,241.8999939,242.1900024,242.1900024,101596300,-3.007606968,Tesla
10/08/2023,245.3999939,251.8000031,243,245.3399963,245.3399963,109498600,1.300629202,Tesla
11/08/2023,241.7700043,243.7899933,238.0200043,242.6499939,242.6499939,98866600,-1.096438608,Tesla
14/08/2023,235.6999969,240.6600037,233.75,239.7599945,239.7599945,98595300,-1.191015645,Tesla
15/08/2023,238.7299957,240.5,232.6100006,232.9600067,232.9600067,88197600,-2.836164476,Tesla
16/08/2023,228.0200043,233.9700012,225.3800049,225.6000061,225.6000061,112484500,-3.15934083,Tesla
17/08/2023,226.0599976,226.7400055,218.8300018,219.2200012,219.2200012,120718400,-2.828016272,Tesla
18/08/2023,214.1199951,217.5800018,212.3600006,215.4900055,215.4900055,135813700,-1.701485132,Tesla
21/08/2023,221.5500031,232.1300049,220.5800018,231.2799988,231.2799988,135702700,7.327482892,Tesla
22/08/2023,240.25,240.8200073,229.5500031,233.1900024,233.1900024,130597900,0.825840398,Tesla
23/08/2023,229.3399963,238.9799957,229.2899933,236.8600006,236.8600006,101077600,1.573823119,Tesla
24/08/2023,238.6600037,238.9199982,228.1799927,230.0399933,230.0399933,99777400,-2.87934109,Tesla
25/08/2023,231.3099976,239,230.3500061,238.5899963,238.5899963,106612200,3.716746349,Tesla
28/08/2023,242.5800018,244.3800049,235.3500061,238.8200073,238.8200073,107673700,0.096404288,Tesla
29/08/2023,238.5800018,257.480011,237.7700043,257.1799927,257.1799927,134047600,7.687791972,Tesla
30/08/2023,254.1999969,260.5100098,250.5899963,256.8999939,256.8999939,121988400,-0.108872691,Tesla
31/08/2023,255.9799957,261.1799927,255.0500031,258.0799866,258.0799866,108861700,0.459319854,Tesla
01/09/2023,257.2600098,259.0799866,242.0099945,245.0099945,245.0099945,132272500,-5.06431833,Tesla
05/09/2023,245,258,244.8600006,256.4899902,256.4899902,129469600,4.685521401,Tesla
06/09/2023,255.1399994,255.3899994,245.0599976,251.9199982,251.9199982,116959800,-1.781742851,Tesla
07/09/2023,245.0700073,252.8099976,243.2700043,251.4900055,251.4900055,115312900,-0.170686202,Tesla
08/09/2023,251.2200012,256.519989,246.6699982,248.5,248.5,118367700,-1.18891623,Tesla
11/09/2023,264.269989,274.8500061,260.6099854,273.5799866,273.5799866,174667900,10.09254993,Tesla
12/09/2023,270.7600098,278.3900146,266.6000061,267.480011,267.480011,135999900,-2.229686339,Tesla
13/09/2023,270.0700073,274.980011,268.1000061,271.2999878,271.2999878,111673700,1.428135431,Tesla
14/09/2023,271.3200073,276.7099915,270.4200134,276.0400085,276.0400085,107709800,1.747151111,Tesla
15/09/2023,277.5499878,278.980011,271,274.3900146,274.3900146,133422800,-0.597737228,Tesla
18/09/2023,271.1600037,271.4400024,263.7600098,265.2799988,265.2799988,101543300,-3.320097446,Tesla
19/09/2023,264.3500061,267.8500061,261.2000122,266.5,266.5,103704000,0.459891898,Tesla
20/09/2023,267.0400085,273.9299927,262.4599915,262.5899963,262.5899963,122514600,-1.467168354,Tesla
21/09/2023,257.8500061,260.8599854,254.2100067,255.6999969,255.6999969,119531000,-2.623862099,Tesla
22/09/2023,257.3999939,257.7900085,244.4799957,244.8800049,244.8800049,127524100,-4.231518261,Tesla
25/09/2023,243.3800049,247.1000061,238.3099976,246.9900055,246.9900055,104636600,0.861646753,Tesla
26/09/2023,242.9799957,249.5500031,241.6600037,244.1199951,244.1199951,101993600,-1.161994539,Tesla
27/09/2023,244.2599945,245.3300018,234.5800018,240.5,240.5,136597200,-1.482875303,Tesla
28/09/2023,240.0200043,247.5500031,238.6499939,246.3800049,246.3800049,117058900,2.444908475,Tesla
29/09/2023,250,254.7700043,246.3500061,250.2200012,250.2200012,128346200,1.558566548,Tesla
02/10/2023,244.8099976,254.2799988,242.6199951,251.6000061,251.6000061,123810400,0.551516616,Tesla
03/10/2023,248.6100006,250.0200043,244.4499969,246.5299988,246.5299988,101985300,-2.015106201,Tesla
04/10/2023,248.1399994,261.8599854,247.6000061,261.1600037,261.1600037,129721600,5.934371052,Tesla
05/10/2023,260,263.6000061,256.25,260.0499878,260.0499878,119159200,-0.425032874,Tesla
06/10/2023,253.9799957,261.6499939,250.6499939,260.5299988,260.5299988,117947000,0.184584122,Tesla
09/10/2023,255.3099976,261.3599854,252.0500031,259.6700134,259.6700134,101377900,-0.330090721,Tesla
10/10/2023,257.75,268.9400024,257.6499939,263.6199951,263.6199951,122656000,1.521154344,Tesla
11/10/2023,266.2000122,268.6000061,260.8999939,262.9899902,262.9899902,103706300,-0.238982207,Tesla
12/10/2023,262.9200134,265.4100037,256.6300049,258.8699951,258.8699951,111508100,-1.566597692,Tesla
13/10/2023,258.8999939,259.6000061,250.2200012,251.1199951,251.1199951,102073800,-2.993780719,Tesla
16/10/2023,250.0500031,255.3999939,248.4799957,253.9199982,253.9199982,88917200,1.115006016,Tesla
17/10/2023,250.1000061,257.1799927,247.0800018,254.8500061,254.8500061,93562900,0.366260216,Tesla
18/10/2023,252.6999969,254.6300049,242.0800018,242.6799927,242.6799927,125147800,-4.775363208,Tesla
19/10/2023,225.9499969,230.6100006,216.7799988,220.1100006,220.1100006,170772700,-9.300310181,Tesla
20/10/2023,217.0099945,218.8600006,210.4199982,211.9900055,211.9900055,137734000,-3.68906233,Tesla
23/10/2023,210,216.9799957,202.5099945,212.0800018,212.0800018,150683400,0.042453104,Tesla
24/10/2023,216.5,222.0500031,214.1100006,216.5200043,216.5200043,118231100,2.093550737,Tesla
25/10/2023,215.8800049,220.1000061,212.1999969,212.4199982,212.4199982,107065100,-1.893592288,Tesla
26/10/2023,211.3200073,214.8000031,204.8800049,205.7599945,205.7599945,115112600,-3.135299746,Tesla
27/10/2023,210.6000061,212.4100037,205.7700043,207.3000031,207.3000031,94881200,0.748448963,Tesla
30/10/2023,209.2799988,210.8800049,194.6699982,197.3600006,197.3600006,136448200,-4.794984223,Tesla
31/10/2023,196.1199951,202.8000031,194.0700073,200.8399963,200.8399963,118068300,1.763273063,Tesla
,,,,,,,,
,,,,,,,,
,,,,,,,,
,,,,,,,,
,,,,,,,,
,,,,,,,,
,,,,,,,,
,,,,,,,,
,,,,,,,,
,,,,,,,,
,,,,,,,,
,,,,,,,,
,,,,,,,,
,,,,,,,,
,,,,,,,,
,,,,,,,,
,,,,,,,,
,,,,,,,,
,,,,,,,,
,,,,,,,,
,,,,,,,,
,,,,,,,,
,,,,,,,,
,,,,,,,,
,,,,,,,,
,,,,,,,,
,,,,,,,,
,,,,,,,,
,,,,,,,,
,,,,,,,,
,,,,,,,,
,,,,,,,,
,,,,,,,,
,,,,,,,,
,,,,,,,,
,,,,,,,,
,,,,,,,,
,,,,,,,,
,,,,,,,,
,,,,,,,,
,,,,,,,,
,,,,,,,,
,,,,,,,,
,,,,,,,,
,,,,,,,,
,,,,,,,,
,,,,,,,,
,,,,,,,,
,,,,,,,,
,,,,,,,,
,,,,,,,,
,,,,,,,,
,,,,,,,,
,,,,,,,,
,,,,,,,,
,,,,,,,,
,,,,,,,,
,,,,,,,,
,,,,,,,,
,,,,,,,,
,,,,,,,,
,,,,,,,,
,,,,,,,,
,,,,,,,,
,,,,,,,,
,,,,,,,,
,,,,,,,,
,,,,,,,,
,,,,,,,,
,,,,,,,,
,,,,,,,,
,,,,,,,,
,,,,,,,,
,,,,,,,,
,,,,,,,,
,,,,,,,,
,,,,,,,,
,,,,,,,,
,,,,,,,,
,,,,,,,,
,,,,,,,,
,,,,,,,,
,,,,,,,,
,,,,,,,,
,,,,,,,,
,,,,,,,,
,,,,,,,,
,,,,,,,,
,,,,,,,,
,,,,,,,,
,,,,,,,,
,,,,,,,,
,,,,,,,,
,,,,,,,,
,,,,,,,,
,,,,,,,,
,,,,,,,,
,,,,,,,,
,,,,,,,,
,,,,,,,,
,,,,,,,,
,,,,,,,,
,,,,,,,,
,,,,,,,,
,,,,,,,,
,,,,,,,,
,,,,,,,,
,,,,,,,,
,,,,,,,,
,,,,,,,,
,,,,,,,,
,,,,,,,,
,,,,,,,,
,,,,,,,,
,,,,,,,,
,,,,,,,,
,,,,,,,,
,,,,,,,,
,,,,,,,,
,,,,,,,,
,,,,,,,,
,,,,,,,,
,,,,,,,,
,,,,,,,,
,,,,,,,,
,,,,,,,,
,,,,,,,,
,,,,,,,,
,,,,,,,,
,,,,,,,,
,,,,,,,,
,,,,,,,,
,,,,,,,,
,,,,,,,,
,,,,,,,,
,,,,,,,,
,,,,,,,,
,,,,,,,,
,,,,,,,,
,,,,,,,,
,,,,,,,,
,,,,,,,,
,,,,,,,,
,,,,,,,,
,,,,,,,,
,,,,,,,,
,,,,,,,,
,,,,,,,,
,,,,,,,,
,,,,,,,,
,,,,,,,,
,,,,,,,,
,,,,,,,,
,,,,,,,,
,,,,,,,,
,,,,,,,,
,,,,,,,,
,,,,,,,,
,,,,,,,,
,,,,,,,,
,,,,,,,,
,,,,,,,,
,,,,,,,,
,,,,,,,,
,,,,,,,,
,,,,,,,,
,,,,,,,,
,,,,,,,,
,,,,,,,,
,,,,,,,,
,,,,,,,,
,,,,,,,,
,,,,,,,,
,,,,,,,,
,,,,,,,,
,,,,,,,,
,,,,,,,,
,,,,,,,,
,,,,,,,,
,,,,,,,,
,,,,,,,,
,,,,,,,,
,,,,,,,,
,,,,,,,,
,,,,,,,,
,,,,,,,,
,,,,,,,,
,,,,,,,,
,,,,,,,,
,,,,,,,,
,,,,,,,,
,,,,,,,,
,,,,,,,,
,,,,,,,,
,,,,,,,,
,,,,,,,,
,,,,,,,,
,,,,,,,,
,,,,,,,,
,,,,,,,,
,,,,,,,,
,,,,,,,,
,,,,,,,,
,,,,,,,,
,,,,,,,,
,,,,,,,,
,,,,,,,,
,,,,,,,,
,,,,,,,,
,,,,,,,,
,,,,,,,,
,,,,,,,,
,,,,,,,,
,,,,,,,,
,,,,,,,,
,,,,,,,,
,,,,,,,,
,,,,,,,,
,,,,,,,,
,,,,,,,,
,,,,,,,,
,,,,,,,,
,,,,,,,,
,,,,,,,,
,,,,,,,,
,,,,,,,,
,,,,,,,,
,,,,,,,,
,,,,,,,,
,,,,,,,,
,,,,,,,,
,,,,,,,,
,,,,,,,,
,,,,,,,,
,,,,,,,,
,,,,,,,,
,,,,,,,,
,,,,,,,,
,,,,,,,,
,,,,,,,,
,,,,,,,,
,,,,,,,,
,,,,,,,,
,,,,,,,,
,,,,,,,,
,,,,,,,,
,,,,,,,,
,,,,,,,,
,,,,,,,,
,,,,,,,,
,,,,,,,,
,,,,,,,,
,,,,,,,,
,,,,,,,,
,,,,,,,,
,,,,,,,,
,,,,,,,,
,,,,,,,,
,,,,,,,,
,,,,,,,,
,,,,,,,,
,,,,,,,,
,,,,,,,,
,,,,,,,,
,,,,,,,,
,,,,,,,,
,,,,,,,,
,,,,,,,,
,,,,,,,,
,,,,,,,,
,,,,,,,,
,,,,,,,,
,,,,,,,,
,,,,,,,,
,,,,,,,,
,,,,,,,,
,,,,,,,,
,,,,,,,,
,,,,,,,,
,,,,,,,,
,,,,,,,,
,,,,,,,,
,,,,,,,,
,,,,,,,,
,,,,,,,,
,,,,,,,,
,,,,,,,,
,,,,,,,,
,,,,,,,,
,,,,,,,,
,,,,,,,,
,,,,,,,,
,,,,,,,,
,,,,,,,,
,,,,,,,,
,,,,,,,,
,,,,,,,,
,,,,,,,,
,,,,,,,,
,,,,,,,,
,,,,,,,,
,,,,,,,,
,,,,,,,,
,,,,,,,,
,,,,,,,,
,,,,,,,,
,,,,,,,,
,,,,,,,,
,,,,,,,,
,,,,,,,,
,,,,,,,,
,,,,,,,,
,,,,,,,,
,,,,,,,,
,,,,,,,,
,,,,,,,,
,,,,,,,,
,,,,,,,,
,,,,,,,,
,,,,,,,,
,,,,,,,,
,,,,,,,,
,,,,,,,,
,,,,,,,,
,,,,,,,,
,,,,,,,,
,,,,,,,,
,,,,,,,,
,,,,,,,,
,,,,,,,,
,,,,,,,,
,,,,,,,,
,,,,,,,,
,,,,,,,,
,,,,,,,,
,,,,,,,,
,,,,,,,,
,,,,,,,,
,,,,,,,,
,,,,,,,,
,,,,,,,,
,,,,,,,,
,,,,,,,,
,,,,,,,,
,,,,,,,,
,,,,,,,,
,,,,,,,,
,,,,,,,,
,,,,,,,,
,,,,,,,,
,,,,,,,,
,,,,,,,,
,,,,,,,,
,,,,,,,,
,,,,,,,,
,,,,,,,,
,,,,,,,,
,,,,,,,,
,,,,,,,,
,,,,,,,,
,,,,,,,,
,,,,,,,,
,,,,,,,,
,,,,,,,,
,,,,,,,,
,,,,,,,,
,,,,,,,,
,,,,,,,,
,,,,,,,,
,,,,,,,,
,,,,,,,,
,,,,,,,,
,,,,,,,,
,,,,,,,,
,,,,,,,,
,,,,,,,,
,,,,,,,,
,,,,,,,,
,,,,,,,,
,,,,,,,,
,,,,,,,,
,,,,,,,,
,,,,,,,,
,,,,,,,,
,,,,,,,,
,,,,,,,,
,,,,,,,,
,,,,,,,,
,,,,,,,,
,,,,,,,,
,,,,,,,,
,,,,,,,,
,,,,,,,,
,,,,,,,,
,,,,,,,,
,,,,,,,,
,,,,,,,,
,,,,,,,,
,,,,,,,,
,,,,,,,,
,,,,,,,,
,,,,,,,,
,,,,,,,,
,,,,,,,,
,,,,,,,,
,,,,,,,,
,,,,,,,,
,,,,,,,,
,,,,,,,,
,,,,,,,,
,,,,,,,,
,,,,,,,,
,,,,,,,,
,,,,,,,,
,,,,,,,,
,,,,,,,,
,,,,,,,,
,,,,,,,,
,,,,,,,,
,,,,,,,,
,,,,,,,,
,,,,,,,,
,,,,,,,,
,,,,,,,,
,,,,,,,,
,,,,,,,,
,,,,,,,,
,,,,,,,,
,,,,,,,,
,,,,,,,,
,,,,,,,,
,,,,,,,,
,,,,,,,,
,,,,,,,,
,,,,,,,,
,,,,,,,,
,,,,,,,,
,,,,,,,,
,,,,,,,,
,,,,,,,,
,,,,,,,,
,,,,,,,,
,,,,,,,,
,,,,,,,,
,,,,,,,,
,,,,,,,,
,,,,,,,,
,,,,,,,,
,,,,,,,,
,,,,,,,,
,,,,,,,,
,,,,,,,,
,,,,,,,,
,,,,,,,,
,,,,,,,,
,,,,,,,,
,,,,,,,,
,,,,,,,,
,,,,,,,,
,,,,,,,,
,,,,,,,,
,,,,,,,,
,,,,,,,,
,,,,,,,,
,,,,,,,,
,,,,,,,,
,,,,,,,,
,,,,,,,,
,,,,,,,,
,,,,,,,,
,,,,,,,,
,,,,,,,,
,,,,,,,,
,,,,,,,,
,,,,,,,,
,,,,,,,,
,,,,,,,,
,,,,,,,,
,,,,,,,,
,,,,,,,,
,,,,,,,,
,,,,,,,,
,,,,,,,,
,,,,,,,,
,,,,,,,,
,,,,,,,,
,,,,,,,,
,,,,,,,,
,,,,,,,,
,,,,,,,,
,,,,,,,,
,,,,,,,,
,,,,,,,,
,,,,,,,,
,,,,,,,,
,,,,,,,,
,,,,,,,,
,,,,,,,,
,,,,,,,,
,,,,,,,,
,,,,,,,,
,,,,,,,,
